<?xml version="1.0" encoding="UTF-8" standalone="yes"?>
<addon id="repository.smackdown" name="[B]Smackdown Repository[/B]" version="1.0.0" provider-name="Ondrisel">
	<extension point="xbmc.addon.repository" name="Demo repository">
		<info compressed="false">http://streamhelp.org/Smackdown/addons.xml</info>
		<checksum>http://streamhelp.org/Smackdown/addons.xml.md5</checksum>
		<datadir zip="true">http://streamhelp.org/Smackdown/</datadir>
	</extension>
	  <extension point="xbmc.addon.metadata">
		<summary lang="en">Smackdown Repository</summary>
		<description lang="en">Please visit http://streamhelp.org click on some of the adverts to help with the server costs. Thank you.</description>
		<platform>all</platform>
		<forum>http://koditalk.org/</forum>
		<website>https://streamhelp.org/</website>
	  <assets>
		<icon>icon.png</icon>
		<screenshot>resources/screenshots/screenshot1.jpg</screenshot>
		<screenshot>resources/screenshots/screenshot2.jpg</screenshot>
		<screenshot>resources/screenshots/screenshot3.jpg</screenshot>
		<screenshot>resources/screenshots/screenshot4.jpg</screenshot>
		<screenshot>resources/screenshots/screenshot5.jpg</screenshot>
	  </assets>
	  </extension>
</addon>